[{"model": "auth.user", "pk": 1, "fields": {"password": "pbkdf2_sha256$1200000$eSVXwdzYNcA5WGhYJi9ttK$wk9FHgv0vg3ESXAmGALVVqdQ2hHA+hucxem7z7mluVM=", "last_login": "2026-04-13T23:50:21.914Z", "is_superuser": true, "username": "rockson", "first_name": "", "last_name": "", "email": "orockson02@gmail.com", "is_staff": true, "is_active": true, "date_joined": "2026-03-25T20:37:55.114Z", "groups": [], "user_permissions": []}}, {"model": "sessions.session", "pk": "5mqax0nxy6kuyqcgkrlhwupd3ibwtsoa", "fields": {"session_data": ".eJxVjMsOwiAQRf-FtSEMdHi4dN9vaAYGpWogKe3K-O_apAvd3nPOfYmJtrVMW8_LNLM4CxCn3y1SeuS6A75TvTWZWl2XOcpdkQftcmycn5fD_Tso1Mu39gH8QB4VOmBUwMZGQMzs3RCQKRgIVw7KBqW9zcYkzSZyJstoHWjx_gCtTjbD:1wCR2s:reFxXtOqy3ZZWaJALQpijOzp8DqT1CapGrbGKzMpYAI", "expire_date": "2026-04-27T23:50:22.080Z"}}, {"model": "sessions.session", "pk": "xs68cjtaqve8rr7pyye9kxo6dcs4v9dt", "fields": {"session_data": ".eJxVjMsOwiAQRf-FtSEMdHi4dN9vaAYGpWogKe3K-O_apAvd3nPOfYmJtrVMW8_LNLM4CxCn3y1SeuS6A75TvTWZWl2XOcpdkQftcmycn5fD_Tso1Mu39gH8QB4VOmBUwMZGQMzs3RCQKRgIVw7KBqW9zcYkzSZyJstoHWjx_gCtTjbD:1wCQXR:KkLyIA2_WZsfPSSd6nPlStI_C8NqiwDyjZXIxUdD19Y", "expire_date": "2026-04-27T23:17:53.907Z"}}, {"model": "token_blacklist.outstandingtoken", "pk": 1, "fields": {"user": 1, "jti": "e43e020c9e564d36978dc90a058250c0", "token": "eyJhbGciOiJIUzI1NiIsInR5cCI6IkpXVCJ9.eyJ0b2tlbl90eXBlIjoicmVmcmVzaCIsImV4cCI6MTc3NzA2MzI5MywiaWF0IjoxNzc0NDcxMjkzLCJqdGkiOiJlNDNlMDIwYzllNTY0ZDM2OTc4ZGM5MGEwNTgyNTBjMCIsInVzZXJfaWQiOiIxIn0.6TLnyMnlkbmzKKuhZxlEOYRQ8epa7dQQbTXDyIHhK-E", "created_at": "2026-03-25T20:41:33.218Z", "expires_at": "2026-04-24T20:41:33Z"}}, {"model": "token_blacklist.outstandingtoken", "pk": 2, "fields": {"user": 1, "jti": "e3465c71b3564bbba3a0c3a6e2dcf9e3", "token": "eyJhbGciOiJIUzI1NiIsInR5cCI6IkpXVCJ9.eyJ0b2tlbl90eXBlIjoicmVmcmVzaCIsImV4cCI6MTc3NzA2NDYyOCwiaWF0IjoxNzc0NDcyNjI4LCJqdGkiOiJlMzQ2NWM3MWIzNTY0YmJiYTNhMGMzYTZlMmRjZjllMyIsInVzZXJfaWQiOiIxIn0.lTI4loaLAQpg2NWpD4hdV_2GxMXBWt9BBryl4V8Lpvs", "created_at": "2026-03-25T21:03:48.472Z", "expires_at": "2026-04-24T21:03:48Z"}}, {"model": "token_blacklist.outstandingtoken", "pk": 3, "fields": {"user": 1, "jti": "bdd3a28b61f9405ca04374685b154fc0", "token": "eyJhbGciOiJIUzI1NiIsInR5cCI6IkpXVCJ9.eyJ0b2tlbl90eXBlIjoicmVmcmVzaCIsImV4cCI6MTc3NzA2NTUwNCwiaWF0IjoxNzc0NDczNTA0LCJqdGkiOiJiZGQzYTI4YjYxZjk0MDVjYTA0Mzc0Njg1YjE1NGZjMCIsInVzZXJfaWQiOiIxIn0.XaTQncYdhkrmumxLWGVSRjBNbRyK6Qnri9nja8fnMUU", "created_at": "2026-03-25T21:18:24.242Z", "expires_at": "2026-04-24T21:18:24Z"}}, {"model": "token_blacklist.outstandingtoken", "pk": 4, "fields": {"user": 1, "jti": "9a08f63705f34348aab4e182dc810b6f", "token": "eyJhbGciOiJIUzI1NiIsInR5cCI6IkpXVCJ9.eyJ0b2tlbl90eXBlIjoicmVmcmVzaCIsImV4cCI6MTc3NzA4MTM4MCwiaWF0IjoxNzc0NDg5MzgwLCJqdGkiOiI5YTA4ZjYzNzA1ZjM0MzQ4YWFiNGUxODJkYzgxMGI2ZiIsInVzZXJfaWQiOiIxIn0.5-U2StdQqj5CWDPSGrFLT4WSvBmDqhqjxjLT2wsc_fc", "created_at": "2026-03-26T01:43:00.201Z", "expires_at": "2026-04-25T01:43:00Z"}}, {"model": "token_blacklist.outstandingtoken", "pk": 5, "fields": {"user": 1, "jti": "d20d4927153b4cf3910c72334e45b662", "token": "eyJhbGciOiJIUzI1NiIsInR5cCI6IkpXVCJ9.eyJ0b2tlbl90eXBlIjoicmVmcmVzaCIsImV4cCI6MTc3NzA4NDM5MSwiaWF0IjoxNzc0NDkyMzkxLCJqdGkiOiJkMjBkNDkyNzE1M2I0Y2YzOTEwYzcyMzM0ZTQ1YjY2MiIsInVzZXJfaWQiOiIxIn0.BOEpOO9ZPDQ1UP0YyqNz5yd8APRO4991TDpgX99_PXs", "created_at": "2026-03-26T02:33:11.988Z", "expires_at": "2026-04-25T02:33:11Z"}}, {"model": "token_blacklist.outstandingtoken", "pk": 6, "fields": {"user": 1, "jti": "27fe3379f5e1416a84d6530208eb2b78", "token": "eyJhbGciOiJIUzI1NiIsInR5cCI6IkpXVCJ9.eyJ0b2tlbl90eXBlIjoicmVmcmVzaCIsImV4cCI6MTc3NzA4Njc1NCwiaWF0IjoxNzc0NDk0NzU0LCJqdGkiOiIyN2ZlMzM3OWY1ZTE0MTZhODRkNjUzMDIwOGViMmI3OCIsInVzZXJfaWQiOiIxIn0.oa--h0OuGo5ZvsSZ41VGOyeQwbNsE4fEopLTxBf2stE", "created_at": "2026-03-26T03:12:34.032Z", "expires_at": "2026-04-25T03:12:34Z"}}, {"model": "token_blacklist.outstandingtoken", "pk": 7, "fields": {"user": 1, "jti": "e751d2a64862408299025ffb4f749273", "token": "eyJhbGciOiJIUzI1NiIsInR5cCI6IkpXVCJ9.eyJ0b2tlbl90eXBlIjoicmVmcmVzaCIsImV4cCI6MTc3NzA4OTI0MSwiaWF0IjoxNzc0NDk3MjQxLCJqdGkiOiJlNzUxZDJhNjQ4NjI0MDgyOTkwMjVmZmI0Zjc0OTI3MyIsInVzZXJfaWQiOiIxIn0._cW3Dy2wDDb0bXmjY_miTlLpNHZjo3DZLdJtT_EpFew", "created_at": "2026-03-26T03:54:01.809Z", "expires_at": "2026-04-25T03:54:01Z"}}, {"model": "token_blacklist.outstandingtoken", "pk": 8, "fields": {"user": 1, "jti": "2acbedfee63f41e29df2b035e782f961", "token": "eyJhbGciOiJIUzI1NiIsInR5cCI6IkpXVCJ9.eyJ0b2tlbl90eXBlIjoicmVmcmVzaCIsImV4cCI6MTc3NzEyMzA5MywiaWF0IjoxNzc0NTMxMDkzLCJqdGkiOiIyYWNiZWRmZWU2M2Y0MWUyOWRmMmIwMzVlNzgyZjk2MSIsInVzZXJfaWQiOiIxIn0.Gk4D4o3wtLFusjGfMHxi_jfvxI-vu2WVgQm6DoOiUAY", "created_at": "2026-03-26T13:18:13.697Z", "expires_at": "2026-04-25T13:18:13Z"}}, {"model": "token_blacklist.outstandingtoken", "pk": 9, "fields": {"user": 1, "jti": "48696f20a3874a21ab6e87d81c5a6721", "token": "eyJhbGciOiJIUzI1NiIsInR5cCI6IkpXVCJ9.eyJ0b2tlbl90eXBlIjoicmVmcmVzaCIsImV4cCI6MTc3NzQwODIyMSwiaWF0IjoxNzc0ODE2MjIxLCJqdGkiOiI0ODY5NmYyMGEzODc0YTIxYWI2ZTg3ZDgxYzVhNjcyMSIsInVzZXJfaWQiOiIxIn0.y_zzj6_wbDHIyoG5OsVZjz2wFHL5kn4lpQ2lAOQWCmM", "created_at": "2026-03-29T20:30:21.402Z", "expires_at": "2026-04-28T20:30:21Z"}}, {"model": "token_blacklist.outstandingtoken", "pk": 10, "fields": {"user": 1, "jti": "963765949cf14936b80fae65d9990e98", "token": "eyJhbGciOiJIUzI1NiIsInR5cCI6IkpXVCJ9.eyJ0b2tlbl90eXBlIjoicmVmcmVzaCIsImV4cCI6MTc3NzQwODUzNiwiaWF0IjoxNzc0ODE2NTM2LCJqdGkiOiI5NjM3NjU5NDljZjE0OTM2YjgwZmFlNjVkOTk5MGU5OCIsInVzZXJfaWQiOiIxIn0.lOMnAy3POOQDAaugHnitqexhvO0GYGOqcagVdf_Zwrs", "created_at": "2026-03-29T20:35:36.119Z", "expires_at": "2026-04-28T20:35:36Z"}}, {"model": "token_blacklist.outstandingtoken", "pk": 11, "fields": {"user": 1, "jti": "75412b7b35174b8aa8da93976d2dce1f", "token": "eyJhbGciOiJIUzI1NiIsInR5cCI6IkpXVCJ9.eyJ0b2tlbl90eXBlIjoicmVmcmVzaCIsImV4cCI6MTc3NzY0NTYxNiwiaWF0IjoxNzc1MDUzNjE2LCJqdGkiOiI3NTQxMmI3YjM1MTc0YjhhYThkYTkzOTc2ZDJkY2UxZiIsInVzZXJfaWQiOiIxIiwidXNlcm5hbWUiOiJyb2Nrc29uIiwiZW1haWwiOiJvcm9ja3NvbjAyQGdtYWlsLmNvbSIsImlzX3N0YWZmIjp0cnVlLCJmaXJzdF9uYW1lIjoiIiwibGFzdF9uYW1lIjoiIn0.B4K7PqFmpKTp41JeL5Oe68SWcANgrZ055oG60hPOMDs", "created_at": "2026-04-01T14:26:56.569Z", "expires_at": "2026-05-01T14:26:56Z"}}, {"model": "token_blacklist.outstandingtoken", "pk": 12, "fields": {"user": 1, "jti": "32af6c3c7e1640ca8511a0e8cac2b9bb", "token": "eyJhbGciOiJIUzI1NiIsInR5cCI6IkpXVCJ9.eyJ0b2tlbl90eXBlIjoicmVmcmVzaCIsImV4cCI6MTc3NzY0Njk5OCwiaWF0IjoxNzc1MDU0OTk4LCJqdGkiOiIzMmFmNmMzYzdlMTY0MGNhODUxMWEwZThjYWMyYjliYiIsInVzZXJfaWQiOiIxIn0.CnsoF7bLCXM8gj5eUFikvKjnXS1QCgSE95Ors3U1wj0", "created_at": "2026-04-01T14:49:58.940Z", "expires_at": "2026-05-01T14:49:58Z"}}, {"model": "token_blacklist.outstandingtoken", "pk": 13, "fields": {"user": 1, "jti": "4834a07367dc494a9c269ea53f6dc060", "token": "eyJhbGciOiJIUzI1NiIsInR5cCI6IkpXVCJ9.eyJ0b2tlbl90eXBlIjoicmVmcmVzaCIsImV4cCI6MTc3NzY0NzE0NSwiaWF0IjoxNzc1MDU1MTQ1LCJqdGkiOiI0ODM0YTA3MzY3ZGM0OTRhOWMyNjllYTUzZjZkYzA2MCIsInVzZXJfaWQiOiIxIn0.UY0wqcaAuHVXmn6BwqmEp_sSAd0VPscO-uvza-oMyAY", "created_at": "2026-04-01T14:52:25.543Z", "expires_at": "2026-05-01T14:52:25Z"}}, {"model": "token_blacklist.outstandingtoken", "pk": 14, "fields": {"user": 1, "jti": "b778a52b0dbc4ec497ba5fbc9c2d6c35", "token": "eyJhbGciOiJIUzI1NiIsInR5cCI6IkpXVCJ9.eyJ0b2tlbl90eXBlIjoicmVmcmVzaCIsImV4cCI6MTc3NzY1NzI5MiwiaWF0IjoxNzc1MDY1MjkyLCJqdGkiOiJiNzc4YTUyYjBkYmM0ZWM0OTdiYTVmYmM5YzJkNmMzNSIsInVzZXJfaWQiOiIxIn0.NcUQEmPBZALA0tKXSi86uzt0oijpDikjImjjEmHUstc", "created_at": "2026-04-01T17:41:32.385Z", "expires_at": "2026-05-01T17:41:32Z"}}, {"model": "token_blacklist.outstandingtoken", "pk": 15, "fields": {"user": 1, "jti": "29acbbbf391341798ec13b5f2bdc1f41", "token": "eyJhbGciOiJIUzI1NiIsInR5cCI6IkpXVCJ9.eyJ0b2tlbl90eXBlIjoicmVmcmVzaCIsImV4cCI6MTc3NzY2MDE4MSwiaWF0IjoxNzc1MDY4MTgxLCJqdGkiOiIyOWFjYmJiZjM5MTM0MTc5OGVjMTNiNWYyYmRjMWY0MSIsInVzZXJfaWQiOiIxIn0.RFa3xV4HtOD1zf2K7ZmJCYvVFmmwZtIuoepsvPEqwWY", "created_at": "2026-04-01T18:29:41.825Z", "expires_at": "2026-05-01T18:29:41Z"}}, {"model": "token_blacklist.outstandingtoken", "pk": 16, "fields": {"user": 1, "jti": "4501967357794dd4ad3cb9d4578a001e", "token": "eyJhbGciOiJIUzI1NiIsInR5cCI6IkpXVCJ9.eyJ0b2tlbl90eXBlIjoicmVmcmVzaCIsImV4cCI6MTc3NzY2MzgzNywiaWF0IjoxNzc1MDcxODM3LCJqdGkiOiI0NTAxOTY3MzU3Nzk0ZGQ0YWQzY2I5ZDQ1NzhhMDAxZSIsInVzZXJfaWQiOiIxIn0.IPVAMTn5irA0IK7EsZD8iDAQ7q6VjZh9oJ0s4Ol4u5E", "created_at": "2026-04-01T19:30:37.680Z", "expires_at": "2026-05-01T19:30:37Z"}}, {"model": "token_blacklist.outstandingtoken", "pk": 17, "fields": {"user": 1, "jti": "cff5bd17083c4f189eca83ca88f25d5f", "token": "eyJhbGciOiJIUzI1NiIsInR5cCI6IkpXVCJ9.eyJ0b2tlbl90eXBlIjoicmVmcmVzaCIsImV4cCI6MTc3NzY3Njk4NiwiaWF0IjoxNzc1MDg0OTg2LCJqdGkiOiJjZmY1YmQxNzA4M2M0ZjE4OWVjYTgzY2E4OGYyNWQ1ZiIsInVzZXJfaWQiOiIxIn0.ve02Eln0uwUwMVIfF4UGdI7DgOVmpdDH7Bj8lonQuro", "created_at": "2026-04-01T23:09:46.893Z", "expires_at": "2026-05-01T23:09:46Z"}}, {"model": "token_blacklist.outstandingtoken", "pk": 18, "fields": {"user": 1, "jti": "6af0c89b0ced42b09acc4b04260f4dad", "token": "eyJhbGciOiJIUzI1NiIsInR5cCI6IkpXVCJ9.eyJ0b2tlbl90eXBlIjoicmVmcmVzaCIsImV4cCI6MTc3Nzc5NTk5OSwiaWF0IjoxNzc1MjAzOTk5LCJqdGkiOiI2YWYwYzg5YjBjZWQ0MmIwOWFjYzRiMDQyNjBmNGRhZCIsInVzZXJfaWQiOiIxIn0.B_MIiEfF6fa-jzUef0i2m2OpFrWgEJnevnJS9bzhjGQ", "created_at": "2026-04-03T08:13:19.739Z", "expires_at": "2026-05-03T08:13:19Z"}}, {"model": "token_blacklist.outstandingtoken", "pk": 19, "fields": {"user": 1, "jti": "ec3db0f85e7a45fa88eda0bcaeac09a3", "token": "eyJhbGciOiJIUzI1NiIsInR5cCI6IkpXVCJ9.eyJ0b2tlbl90eXBlIjoicmVmcmVzaCIsImV4cCI6MTc3NzgwOTQ4MSwiaWF0IjoxNzc1MjE3NDgxLCJqdGkiOiJlYzNkYjBmODVlN2E0NWZhODhlZGEwYmNhZWFjMDlhMyIsInVzZXJfaWQiOiIxIn0.IYUzYfJloqcvC9TJmfQWsGWTrwroHpj_DULzIZZHeEs", "created_at": "2026-04-03T11:58:01.800Z", "expires_at": "2026-05-03T11:58:01Z"}}, {"model": "token_blacklist.outstandingtoken", "pk": 20, "fields": {"user": 1, "jti": "dfed4c7fffdc46c09abc9301537c3e22", "token": "eyJhbGciOiJIUzI1NiIsInR5cCI6IkpXVCJ9.eyJ0b2tlbl90eXBlIjoicmVmcmVzaCIsImV4cCI6MTc3Nzg0NzIzNywiaWF0IjoxNzc1MjU1MjM3LCJqdGkiOiJkZmVkNGM3ZmZmZGM0NmMwOWFiYzkzMDE1MzdjM2UyMiIsInVzZXJfaWQiOiIxIn0.U5vw_4w0LOucF3sk2EtAU1g_WPPQBPZE08_MIrFxrnc", "created_at": "2026-04-03T22:27:17.411Z", "expires_at": "2026-05-03T22:27:17Z"}}, {"model": "token_blacklist.outstandingtoken", "pk": 21, "fields": {"user": 1, "jti": "1355e60c68b346afb4705cdcf24f59b9", "token": "eyJhbGciOiJIUzI1NiIsInR5cCI6IkpXVCJ9.eyJ0b2tlbl90eXBlIjoicmVmcmVzaCIsImV4cCI6MTc3Nzg0OTg0NCwiaWF0IjoxNzc1MjU3ODQ0LCJqdGkiOiIxMzU1ZTYwYzY4YjM0NmFmYjQ3MDVjZGNmMjRmNTliOSIsInVzZXJfaWQiOiIxIn0.r7vPrYMkDNLrXlc8D76AlLPJhskyLWwAUlW7c-7D5_Q", "created_at": "2026-04-03T23:10:44.938Z", "expires_at": "2026-05-03T23:10:44Z"}}, {"model": "token_blacklist.outstandingtoken", "pk": 22, "fields": {"user": 1, "jti": "a24113aec993422b8414f4d941c98aca", "token": "eyJhbGciOiJIUzI1NiIsInR5cCI6IkpXVCJ9.eyJ0b2tlbl90eXBlIjoicmVmcmVzaCIsImV4cCI6MTc3ODc1MjM4OSwiaWF0IjoxNzc2MTYwMzg5LCJqdGkiOiJhMjQxMTNhZWM5OTM0MjJiODQxNGY0ZDk0MWM5OGFjYSIsInVzZXJfaWQiOiIxIn0.fUZIPnAxQrGaXbh2orjCLpVGXFpdJMzNeeh-BhMsoFU", "created_at": "2026-04-14T09:53:09.340Z", "expires_at": "2026-05-14T09:53:09Z"}}, {"model": "token_blacklist.outstandingtoken", "pk": 23, "fields": {"user": 1, "jti": "c3298ddaf8154c36af1f7e06a3e2b7f1", "token": "eyJhbGciOiJIUzI1NiIsInR5cCI6IkpXVCJ9.eyJ0b2tlbl90eXBlIjoicmVmcmVzaCIsImV4cCI6MTc3ODc1MjY2MywiaWF0IjoxNzc2MTYwNjYzLCJqdGkiOiJjMzI5OGRkYWY4MTU0YzM2YWYxZjdlMDZhM2UyYjdmMSIsInVzZXJfaWQiOiIxIn0.AcSyrQvbl0lvsroAmPdT54P9h_Ty0H47c_f1XxVrqXY", "created_at": "2026-04-14T09:57:43.762Z", "expires_at": "2026-05-14T09:57:43Z"}}, {"model": "token_blacklist.outstandingtoken", "pk": 24, "fields": {"user": 1, "jti": "1489d74f92f84747a0ee228b0c54fd46", "token": "eyJhbGciOiJIUzI1NiIsInR5cCI6IkpXVCJ9.eyJ0b2tlbl90eXBlIjoicmVmcmVzaCIsImV4cCI6MTc3ODc1MzI1MywiaWF0IjoxNzc2MTYxMjUzLCJqdGkiOiIxNDg5ZDc0ZjkyZjg0NzQ3YTBlZTIyOGIwYzU0ZmQ0NiIsInVzZXJfaWQiOiIxIiwidXNlcm5hbWUiOiJyb2Nrc29uIiwiZW1haWwiOiJvcm9ja3NvbjAyQGdtYWlsLmNvbSIsImlzX3N0YWZmIjp0cnVlLCJmaXJzdF9uYW1lIjoiIiwibGFzdF9uYW1lIjoiIn0.SnPnbOYIo7sWvBfb7n6RyhrEsZy5mOUYPlsRWydwf0c", "created_at": "2026-04-14T10:07:33.720Z", "expires_at": "2026-05-14T10:07:33Z"}}, {"model": "token_blacklist.outstandingtoken", "pk": 25, "fields": {"user": 1, "jti": "4719d931cb984866b71a452a6cb4816e", "token": "eyJhbGciOiJIUzI1NiIsInR5cCI6IkpXVCJ9.eyJ0b2tlbl90eXBlIjoicmVmcmVzaCIsImV4cCI6MTc3ODc1MzI2NiwiaWF0IjoxNzc2MTYxMjY2LCJqdGkiOiI0NzE5ZDkzMWNiOTg0ODY2YjcxYTQ1MmE2Y2I0ODE2ZSIsInVzZXJfaWQiOiIxIn0.UJhgGsq6X_0fOQhxTQl2tjKStGYPM3kDyy4uTyoPfG8", "created_at": "2026-04-14T10:07:46.789Z", "expires_at": "2026-05-14T10:07:46Z"}}, {"model": "token_blacklist.outstandingtoken", "pk": 26, "fields": {"user": 1, "jti": "571048ee149d40f6b1fe8fd1ec00195c", "token": "eyJhbGciOiJIUzI1NiIsInR5cCI6IkpXVCJ9.eyJ0b2tlbl90eXBlIjoicmVmcmVzaCIsImV4cCI6MTc3ODc2OTEyNCwiaWF0IjoxNzc2MTc3MTI0LCJqdGkiOiI1NzEwNDhlZTE0OWQ0MGY2YjFmZThmZDFlYzAwMTk1YyIsInVzZXJfaWQiOiIxIn0.0xzcsHtYIQv5k0Bgl48pC3menSZqi2Q6ch_FdbgOpME", "created_at": "2026-04-14T14:32:04.729Z", "expires_at": "2026-05-14T14:32:04Z"}}, {"model": "token_blacklist.outstandingtoken", "pk": 27, "fields": {"user": 1, "jti": "e8a6ce59689940c9a17a703506a7abb6", "token": "eyJhbGciOiJIUzI1NiIsInR5cCI6IkpXVCJ9.eyJ0b2tlbl90eXBlIjoicmVmcmVzaCIsImV4cCI6MTc3ODkyNjI1NSwiaWF0IjoxNzc2MzM0MjU1LCJqdGkiOiJlOGE2Y2U1OTY4OTk0MGM5YTE3YTcwMzUwNmE3YWJiNiIsInVzZXJfaWQiOiIxIiwidXNlcm5hbWUiOiJyb2Nrc29uIiwiZW1haWwiOiJvcm9ja3NvbjAyQGdtYWlsLmNvbSIsImlzX3N0YWZmIjp0cnVlLCJmaXJzdF9uYW1lIjoiIiwibGFzdF9uYW1lIjoiIn0.wce4FL_rXlhrAZ0Z_44m-3y6yNuYr6SXo3f_rp0za8Q", "created_at": "2026-04-16T10:10:55.560Z", "expires_at": "2026-05-16T10:10:55Z"}}, {"model": "token_blacklist.outstandingtoken", "pk": 28, "fields": {"user": 1, "jti": "f5ecd55ce3fc492aa9e851d2117fe774", "token": "eyJhbGciOiJIUzI1NiIsInR5cCI6IkpXVCJ9.eyJ0b2tlbl90eXBlIjoicmVmcmVzaCIsImV4cCI6MTc3ODkyNjQzOSwiaWF0IjoxNzc2MzM0NDM5LCJqdGkiOiJmNWVjZDU1Y2UzZmM0OTJhYTllODUxZDIxMTdmZTc3NCIsInVzZXJfaWQiOiIxIn0.fXmPKVRcwm-N0nmS1Uuo3CxkaSJKA9Xyi3vH6qx71Sc", "created_at": "2026-04-16T10:13:59.431Z", "expires_at": "2026-05-16T10:13:59Z"}}, {"model": "token_blacklist.outstandingtoken", "pk": 29, "fields": {"user": 1, "jti": "50238f9d374741ae8ecb2114e41c526a", "token": "eyJhbGciOiJIUzI1NiIsInR5cCI6IkpXVCJ9.eyJ0b2tlbl90eXBlIjoicmVmcmVzaCIsImV4cCI6MTc3ODkzMDE4OCwiaWF0IjoxNzc2MzM4MTg4LCJqdGkiOiI1MDIzOGY5ZDM3NDc0MWFlOGVjYjIxMTRlNDFjNTI2YSIsInVzZXJfaWQiOiIxIn0.r00XeUsnZ_zX9in9QMgPhxmmyK0yiL_2p1C1fhMYXDA", "created_at": "2026-04-16T11:16:28.911Z", "expires_at": "2026-05-16T11:16:28Z"}}, {"model": "token_blacklist.blacklistedtoken", "pk": 1, "fields": {"token": 1, "blacklisted_at": "2026-03-25T21:02:20.677Z"}}, {"model": "token_blacklist.blacklistedtoken", "pk": 2, "fields": {"token": 4, "blacklisted_at": "2026-03-26T01:43:14.147Z"}}, {"model": "token_blacklist.blacklistedtoken", "pk": 3, "fields": {"token": 5, "blacklisted_at": "2026-03-26T02:46:00.404Z"}}, {"model": "token_blacklist.blacklistedtoken", "pk": 4, "fields": {"token": 6, "blacklisted_at": "2026-03-26T03:19:15.286Z"}}, {"model": "token_blacklist.blacklistedtoken", "pk": 5, "fields": {"token": 7, "blacklisted_at": "2026-03-26T13:18:01.518Z"}}, {"model": "token_blacklist.blacklistedtoken", "pk": 6, "fields": {"token": 8, "blacklisted_at": "2026-03-26T13:51:51.132Z"}}, {"model": "token_blacklist.blacklistedtoken", "pk": 7, "fields": {"token": 10, "blacklisted_at": "2026-04-01T14:26:56.736Z"}}, {"model": "token_blacklist.blacklistedtoken", "pk": 8, "fields": {"token": 12, "blacklisted_at": "2026-04-01T14:50:27.126Z"}}, {"model": "token_blacklist.blacklistedtoken", "pk": 9, "fields": {"token": 13, "blacklisted_at": "2026-04-01T15:58:24.531Z"}}, {"model": "token_blacklist.blacklistedtoken", "pk": 10, "fields": {"token": 14, "blacklisted_at": "2026-04-01T18:14:00.937Z"}}, {"model": "token_blacklist.blacklistedtoken", "pk": 11, "fields": {"token": 16, "blacklisted_at": "2026-04-01T21:44:08.260Z"}}, {"model": "token_blacklist.blacklistedtoken", "pk": 12, "fields": {"token": 18, "blacklisted_at": "2026-04-03T08:23:40.926Z"}}, {"model": "token_blacklist.blacklistedtoken", "pk": 13, "fields": {"token": 21, "blacklisted_at": "2026-04-03T23:59:36.033Z"}}, {"model": "token_blacklist.blacklistedtoken", "pk": 14, "fields": {"token": 23, "blacklisted_at": "2026-04-14T10:07:33.847Z"}}, {"model": "token_blacklist.blacklistedtoken", "pk": 15, "fields": {"token": 26, "blacklisted_at": "2026-04-16T10:10:55.636Z"}}, {"model": "token_blacklist.blacklistedtoken", "pk": 16, "fields": {"token": 28, "blacklisted_at": "2026-04-16T10:27:09.331Z"}}, {"model": "tourism_events.touristsite", "pk": 1, "fields": {"name": "Kakum National Park", "slug": "kakum-national-park", "description": "Famous canopy walkway in Ghana.", "location": "Central Region, Ghana", "is_featured": true, "created_at": "2026-03-25T12:46:19.710Z", "updated_at": "2026-03-25T12:46:19.711Z"}}, {"model": "tourism_events.touristsite", "pk": 3, "fields": {"name": "Wli WaterFalls", "slug": "wli-waterfalls", "description": "A nice place to swim", "location": "Volta Region", "is_featured": false, "created_at": "2026-03-25T21:19:17.028Z", "updated_at": "2026-03-25T21:19:17.028Z"}}, {"model": "tourism_events.touristsite", "pk": 4, "fields": {"name": "Labadi Beach (La Pleasure Beach)", "slug": "labadi-beach-la-pleasure-beach", "description": "Accra's most popular and vibrant beach, stretching over two kilometres of golden Atlantic coastline. Known for its lively atmosphere, live highlife and afrobeats music on weekends, horse rides, beach volleyball, and a thriving food-and-drink scene. One of the best places to experience everyday Ghanaian beach culture at its most energetic.", "location": "La, Accra, Greater Accra Region", "is_featured": true, "created_at": "2026-03-26T02:44:28.516Z", "updated_at": "2026-03-26T02:44:28.516Z"}}, {"model": "tourism_events.touristsite", "pk": 5, "fields": {"name": "Kwame Nkrumah Mausoleum", "slug": "kwame-nkrumah-mausoleum", "description": "The final resting place of Ghana's founding father and Africa's greatest pan-Africanist, Dr. Kwame Nkrumah. The memorial park features a striking fountain, a museum chronicling Ghana's independence struggle, and a reflective garden. A must-visit for anyone seeking to understand modern Ghana's remarkable journey from colonialism to freedom on 6 March 1957.", "location": "High Street, Accra Central, Greater Accra Region", "is_featured": true, "created_at": "2026-03-26T02:44:28.681Z", "updated_at": "2026-03-26T02:44:28.681Z"}}, {"model": "tourism_events.touristsite", "pk": 6, "fields": {"name": "Accra Arts Centre (Centre for National Culture)", "slug": "accra-arts-centre-centre-for-national-culture", "description": "A sprawling open-air market and cultural hub in the heart of Accra, housing hundreds of stalls selling woodcarvings, kente fabric, beads, batik, bronze figurines, and traditional Ghanaian artefacts. The Centre also hosts live drumming and dance performances, making it both the best shopping destination and a living showcase of Ghanaian artisanship.", "location": "Barnes Road, Accra, Greater Accra Region", "is_featured": false, "created_at": "2026-03-26T02:44:28.857Z", "updated_at": "2026-03-26T02:44:28.857Z"}}, {"model": "tourism_events.touristsite", "pk": 7, "fields": {"name": "Makola Market", "slug": "makola-market", "description": "One of West Africa's busiest and most famous open-air markets, Makola is the commercial heartbeat of Accra. Vendors sell everything from fresh produce, textiles, electronics and household goods to traditional medicine and street food. Wandering its labyrinthine alleys is an exhilarating cultural immersion into the everyday rhythms of Ghanaian city life.", "location": "Makola, Accra Central, Greater Accra Region", "is_featured": false, "created_at": "2026-03-26T02:44:29.077Z", "updated_at": "2026-03-26T02:44:29.077Z"}}, {"model": "tourism_events.touristsite", "pk": 8, "fields": {"name": "Independence Arch & Black Star Square", "slug": "independence-arch-black-star-square", "description": "Ghana's most iconic national monument, the Independence Arch stands tall at the entrance to Black Star Square — the largest public square in West Africa. Built to commemorate Ghana's independence in 1957, the square has hosted presidential inaugurations, military parades, and national celebrations. The inscribed words 'Freedom and Justice — AD 1957' remain one of Africa's most powerful statements of self-determination.", "location": "Victoriaborg, Accra, Greater Accra Region", "is_featured": true, "created_at": "2026-03-26T02:44:29.327Z", "updated_at": "2026-03-26T02:44:29.327Z"}}, {"model": "tourism_events.touristsite", "pk": 9, "fields": {"name": "Cape Coast Castle", "slug": "cape-coast-castle", "description": "A UNESCO World Heritage Site and one of the most emotionally profound historical monuments in the world. Built by Swedish traders in 1653 and later used by the British as the headquarters of the transatlantic slave trade, the castle's dungeons held tens of thousands of enslaved Africans before they passed through the 'Door of No Return' onto waiting ships. Today it stands as a memorial to those who suffered, a testament to resilience, and a cornerstone of Ghana's heritage tourism.", "location": "Cape Coast, Central Region", "is_featured": true, "created_at": "2026-03-26T02:44:29.505Z", "updated_at": "2026-03-26T02:44:29.505Z"}}, {"model": "tourism_events.touristsite", "pk": 10, "fields": {"name": "Elmina Castle (São Jorge da Mina)", "slug": "elmina-castle-sao-jorge-da-mina", "description": "The oldest European building in sub-Saharan Africa, constructed by the Portuguese in 1482 and a UNESCO World Heritage Site. Elmina Castle served successive colonial powers — Portuguese, Dutch, and British — and was the largest slave-holding site on the West African coast. Its whitewashed walls and ocean setting belie the harrowing history within; a guided tour through its dungeons, female slave quarters, and governor's chamber is a deeply moving and essential experience.", "location": "Elmina, Central Region", "is_featured": true, "created_at": "2026-03-26T02:44:29.635Z", "updated_at": "2026-03-26T02:44:29.635Z"}}, {"model": "tourism_events.touristsite", "pk": 11, "fields": {"name": "Assin Manso Slave River", "slug": "assin-manso-slave-river", "description": "A deeply significant heritage site marking the last point where enslaved Africans were allowed to bathe and drink water before the forced march to the coast and the waiting slave ships. The site includes the 'Ancestral Return Cemetery', where the remains of two enslaved Africans — one from Jamaica and one from the United States — were repatriated and interred in 1998. A place of profound reflection and reconciliation.", "location": "Assin Manso, Central Region", "is_featured": false, "created_at": "2026-03-26T02:44:29.859Z", "updated_at": "2026-03-26T02:44:29.859Z"}}, {"model": "tourism_events.touristsite", "pk": 12, "fields": {"name": "Hans Cottage Botel", "slug": "hans-cottage-botel", "description": "A uniquely Ghanaian eco-tourism experience — a lakeside lodge built on stilts above a lagoon teeming with live crocodiles. Visitors can dine on a terrace directly above the water and observe the crocodiles swimming beneath their feet, or walk out onto platforms to watch them bask in the sun. The resident crocodiles are considered sacred by the local community, making this a fascinating meeting point of wildlife and living tradition.", "location": "Cape Coast, Central Region", "is_featured": false, "created_at": "2026-03-26T02:44:30.099Z", "updated_at": "2026-03-26T02:44:30.099Z"}}, {"model": "tourism_events.touristsite", "pk": 13, "fields": {"name": "Manhyia Palace Museum", "slug": "manhyia-palace-museum", "description": "The official residence of the Asantehene — the King of the Ashanti — and one of Ghana's most important cultural landmarks. The museum in the original 1925 palace building traces the history of the Ashanti Kingdom through royal artefacts, photographs, regalia, and detailed accounts of the Anglo-Ashanti Wars. An audience with the Asantehene's court on special occasions is among the most memorable experiences in Ghana.", "location": "Kumasi, Ashanti Region", "is_featured": true, "created_at": "2026-03-26T02:44:30.310Z", "updated_at": "2026-03-26T02:44:30.311Z"}}, {"model": "tourism_events.touristsite", "pk": 14, "fields": {"name": "Kejetia Market (Kumasi Central Market)", "slug": "kejetia-market-kumasi-central-market", "description": "One of the largest markets in West Africa, covering over 12 hectares and housing an estimated 10,000 stalls. The market is the trading nerve centre of Ghana, selling everything from kente cloth, spices, and live animals to second-hand goods and traditional medicines. Shopping for fresh kente fabric directly from Ashanti weavers here is an experience unavailable anywhere else.", "location": "Kumasi, Ashanti Region", "is_featured": false, "created_at": "2026-03-26T02:44:30.471Z", "updated_at": "2026-03-26T02:44:30.471Z"}}, {"model": "tourism_events.touristsite", "pk": 15, "fields": {"name": "Bonwire Kente Weaving Village", "slug": "bonwire-kente-weaving-village", "description": "The spiritual home of kente — Ghana's most celebrated and internationally recognised handwoven textile. Bonwire weavers have been producing kente on narrow-strip looms for over 400 years, with each pattern carrying specific Akan proverbs and meanings. Visitors can watch master weavers at work, learn about the symbolism of different patterns and colours, and purchase authentic, handmade kente cloth directly from the artisans.", "location": "Bonwire, Kwabre East District, Ashanti Region", "is_featured": true, "created_at": "2026-03-26T02:44:30.672Z", "updated_at": "2026-03-26T02:44:30.672Z"}}, {"model": "tourism_events.touristsite", "pk": 16, "fields": {"name": "Lake Bosomtwe", "slug": "lake-bosomtwe", "description": "Ghana's only natural lake, formed approximately 1.07 million years ago by a meteorite impact in the Ashanti forest. The lake is considered sacred by the Ashanti people — who believe the souls of the dead come here to bid farewell to the god Twi — and traditional fishermen still paddle on it using wooden planks rather than boats. Surrounded by lush hills and small fishing villages, it offers swimming, hiking, and a profound sense of peace.", "location": "Bosomtwe District, Ashanti Region", "is_featured": true, "created_at": "2026-03-26T02:44:30.839Z", "updated_at": "2026-03-26T02:44:30.839Z"}}, {"model": "tourism_events.touristsite", "pk": 17, "fields": {"name": "Kumasi Fort & Military Museum", "slug": "kumasi-fort-military-museum", "description": "Built by the British in 1897 following the Third Anglo-Ashanti War, Kumasi Fort is the last surviving British military fort in Ghana. It now houses the Ghana Armed Forces Museum, with exhibits covering Ghana's military history from pre-colonial Ashanti warfare through both World Wars to present-day peacekeeping operations. The fort sits within a well-maintained compound in the centre of Kumasi city.", "location": "Kumasi, Ashanti Region", "is_featured": false, "created_at": "2026-03-26T02:44:31.017Z", "updated_at": "2026-03-26T02:44:31.018Z"}}, {"model": "tourism_events.touristsite", "pk": 18, "fields": {"name": "Wli Waterfalls", "slug": "wli-waterfalls-1", "description": "The tallest waterfall in West Africa, cascading 80 metres in two tiers into a cool, mist-filled basin surrounded by the lush Agumatsa Wildlife Sanctuary. The lower falls are accessible via a scenic 45-minute hike through butterfly-filled forest paths and a colony of over 300,000 straw-coloured fruit bats. The upper falls require a more demanding 3–4 hour trek but reward hikers with breathtaking views across the forest canopy to Togo.", "location": "Wli (Agumatsa), Hohoe District, Volta Region", "is_featured": true, "created_at": "2026-03-26T02:44:31.227Z", "updated_at": "2026-03-26T02:44:31.227Z"}}, {"model": "tourism_events.touristsite", "pk": 19, "fields": {"name": "Tafi Atome Monkey Sanctuary", "slug": "tafi-atome-monkey-sanctuary", "description": "A community-managed sacred forest sanctuary that is home to a large troop of Mona monkeys, considered sacred by the local Ewe community and protected by a centuries-old taboo against harming them. Visitors can walk through the forest with a local guide and hand-feed the habituated monkeys, which climb onto arms and shoulders freely. One of Ghana's most delightful and intimate wildlife encounters.", "location": "Tafi Atome, Hohoe District, Volta Region", "is_featured": false, "created_at": "2026-03-26T02:44:31.443Z", "updated_at": "2026-03-26T02:44:31.443Z"}}, {"model": "tourism_events.touristsite", "pk": 20, "fields": {"name": "Kpando Torkor (Lake Volta Crossing)", "slug": "kpando-torkor-lake-volta-crossing", "description": "Lake Volta — the world's largest man-made lake by surface area — is best experienced from the town of Kpando, where canoe trips across the glassy water reveal a haunting landscape of half-submerged trees, remote fishing villages, and spectacular sunsets. The lake was created in 1965 by the Akosombo Dam and its vast, mirror-like surface stretches 400 km northward through the heart of Ghana.", "location": "Kpando, Volta Region", "is_featured": false, "created_at": "2026-03-26T02:44:31.735Z", "updated_at": "2026-03-26T02:44:31.735Z"}}, {"model": "tourism_events.touristsite", "pk": 21, "fields": {"name": "Mount Afadjato", "slug": "mount-afadjato", "description": "Tallest Mountain in West Africa", "location": "Liati Wote, Hohoe District, Volta Region", "is_featured": true, "created_at": "2026-03-26T02:44:31.883Z", "updated_at": "2026-03-29T21:38:52.687Z"}}, {"model": "tourism_events.touristsite", "pk": 22, "fields": {"name": "Ada Estuary & Foothills", "slug": "ada-estuary-foothills", "description": "Where the Volta River meets the Atlantic Ocean at one of Ghana's most spectacular and tranquil beach destinations. Ada Foah offers a rare combination of river, ocean, and estuary in one sweeping landscape. Activities include canoe and motorboat trips through the estuary mangroves, sandbar walks, kite-surfing on the river, and relaxing at eco-lodges set along the golden riverbanks. The turtles that nest here between October and January add another remarkable dimension to any visit.", "location": "Ada Foah, Greater Accra / Volta Region border", "is_featured": false, "created_at": "2026-03-26T02:44:32.044Z", "updated_at": "2026-03-26T02:44:32.045Z"}}, {"model": "tourism_events.touristsite", "pk": 23, "fields": {"name": "Mole National Park", "slug": "mole-national-park", "description": "Ghana's largest and most important wildlife refuge, protecting 4,840 km² of Guinea savanna woodland and its extraordinary biodiversity. Mole is home to over 90 mammal species including forest elephants, buffalo, hippopotamus, warthog, kob, roan antelope, waterbuck, and green and colobus monkeys, as well as over 300 bird species. The park is famous for its walking safaris — guided walks that bring visitors within metres of wild elephants — an experience that is genuinely world-class and almost unique in Africa.", "location": "Mole, West Gonja District, Savannah Region", "is_featured": true, "created_at": "2026-03-26T02:44:32.210Z", "updated_at": "2026-03-26T02:44:32.210Z"}}, {"model": "tourism_events.touristsite", "pk": 24, "fields": {"name": "Larabanga Mosque", "slug": "larabanga-mosque", "description": "One of the oldest mosques in West Africa and Ghana's most significant Islamic heritage site, believed to have been built in 1421 in the distinctive Sudano-Sahelian architectural style — characterised by its earthen construction, protruding wooden beams, and conical minarets. Located at the entrance to Mole National Park, the mosque is considered so sacred that the local community has for centuries refused all attempts at permanent structural alteration, insisting instead on annual replastering with earth.", "location": "Larabanga, West Gonja District, Savannah Region", "is_featured": false, "created_at": "2026-03-26T02:44:32.509Z", "updated_at": "2026-03-26T02:44:32.509Z"}}, {"model": "tourism_events.touristsite", "pk": 26, "fields": {"name": "Tongo Hills & Tengzug Shrine", "slug": "tongo-hills-tengzug-shrine", "description": "A dramatic landscape of ancient granite outcrops, boulders, and sacred groves in the Upper East Region, home to the Talensi people and their centuries-old animist shrine tradition. The Tengzug Shrine — carved into the base of a massive boulder — is one of the most important and actively used traditional shrines in Ghana, visited by supplicants from across West Africa. The hike through the Tongo Hills to the shrine is itself remarkable for its surreal geological landscape.", "location": "Tongo, Talensi District, Upper East Region", "is_featured": false, "created_at": "2026-03-26T02:44:32.819Z", "updated_at": "2026-03-26T02:44:32.819Z"}}, {"model": "tourism_events.touristsite", "pk": 27, "fields": {"name": "Kintampo Waterfalls", "slug": "kintampo-waterfalls", "description": "A powerful and beautiful waterfall on the Pumpum River in the geographic centre of Ghana. The falls cascade 24 metres down a broad rock face into a clear pool, surrounded by lush forest. A well-maintained path and wooden platforms allow visitors to view the falls from multiple angles. The site also includes natural cave formations in the rock, locally known as the 'Fuller Falls', named after a former colonial administrator.", "location": "Kintampo, Bono East Region", "is_featured": false, "created_at": "2026-03-26T02:44:32.974Z", "updated_at": "2026-03-26T02:44:32.974Z"}}, {"model": "tourism_events.touristsite", "pk": 29, "fields": {"name": "Aburi Botanical Gardens", "slug": "aburi-botanical-gardens", "description": "Established in 1890 in the cool highlands of the Akuapem Ridge, 30 km north of Accra, the Aburi Botanical Gardens is one of West Africa's oldest and most beautiful colonial-era gardens. Set at an elevation of 450 metres, the gardens offer a refreshing escape from Accra's heat, with avenues of towering silk cotton trees, tropical plants, a fernery, and a charming canopy walkway. A beloved weekend retreat for Accra residents for over a century.", "location": "Aburi, Akuapem North District, Eastern Region", "is_featured": true, "created_at": "2026-03-26T02:44:33.398Z", "updated_at": "2026-03-26T02:44:33.399Z"}}, {"model": "tourism_events.touristsite", "pk": 30, "fields": {"name": "Boti Falls", "slug": "boti-falls", "description": "Twin waterfalls — a male and a female fall — plunging side by side into a shared pool in a beautiful forest reserve in the Eastern Region. According to local Krobo tradition, the two falls join at their base during the rainy season as a symbol of marriage. The surrounding forest is rich with butterflies, birds, and an umbrella rock formation that shelters several hundred people. A short hike from the car park makes this a very accessible yet rewarding natural attraction.", "location": "Boti, Yilo Krobo District, Eastern Region", "is_featured": false, "created_at": "2026-03-26T02:44:33.633Z", "updated_at": "2026-03-26T02:44:33.633Z"}}, {"model": "tourism_events.touristsite", "pk": 31, "fields": {"name": "Akosombo Dam", "slug": "akosombo-dam", "description": "One of Africa's great engineering achievements, the Akosombo Dam was completed in 1965 under President Kwame Nkrumah and created Lake Volta — the world's largest artificial lake by surface area at 8,502 km². The dam still generates a substantial portion of Ghana's electricity. Guided tours of the dam structure offer fascinating insight into this feat of mid-century African infrastructure, with spectacular views of the Volta River gorge and the lake stretching north to the horizon.", "location": "Akosombo, Asuogyaman District, Eastern Region", "is_featured": false, "created_at": "2026-03-26T02:44:33.778Z", "updated_at": "2026-03-26T02:44:33.779Z"}}, {"model": "tourism_events.touristsite", "pk": 33, "fields": {"name": "Fort Metal Cross (Dixcove Fort)", "slug": "fort-metal-cross-dixcove-fort", "description": "A well-preserved British fort perched dramatically on a promontory above the fishing village of Dixcove, offering stunning views along the Western Region coastline. Built in 1691, the fort is far less visited than Cape Coast or Elmina but arguably more atmospheric — its crumbling battlements, cannon emplacements, and intimate scale make it feel genuinely ancient. The village of Dixcove below is one of the most photogenic and authentic fishing communities on the entire Ghanaian coast.", "location": "Dixcove, Ahanta West District, Western Region", "is_featured": false, "created_at": "2026-03-26T02:44:34.094Z", "updated_at": "2026-03-26T02:44:34.094Z"}}, {"model": "tourism_events.touristsite", "pk": 34, "fields": {"name": "Ankasa Conservation Area", "slug": "ankasa-conservation-area", "description": "Ghana's only tract of virgin, undisturbed lowland rainforest — a 509 km² conservation area of extraordinary biodiversity on the border with Côte d'Ivoire. Ankasa protects Ghana's only remaining population of pygmy hippos, as well as forest elephants, leopards, bongo, Diana monkeys, chimpanzees, and over 600 butterfly species. The forest receives very few visitors, making it one of West Africa's true wilderness experiences for serious nature travellers.", "location": "Ankasa, Jomoro District, Western Region", "is_featured": false, "created_at": "2026-03-26T02:44:34.325Z", "updated_at": "2026-03-26T02:44:34.325Z"}}, {"model": "tourism_events.event", "pk": 16, "fields": {"title": "Afrochella (Afro Future)", "slug": "afrochella-afro-future", "description": "Held every December during Ghana's 'Detty December' season, Afrochella (rebranded as Afro Future) is a massive Afrobeats and culture festival that attracts thousands of visitors from the African diaspora. The event features headline performances from top Afrobeats, amapiano, and highlife artists, alongside a curated marketplace showcasing African fashion designers, visual artists, food vendors, and lifestyle brands. It has quickly become the centrepiece of December nightlife in Accra.", "location": "El-Wak Sports Stadium, Accra, Greater Accra Region", "latitude": "5.595500", "longitude": "-0.187000", "date": "2026-12-04T09:00:00Z", "is_featured": true, "highlights": ["VIP & General admission tickets", "Live performances by top Afrobeats artists", "Curated African fashion marketplace", "Complimentary welcome drink", "Professional photography zones", "Shuttle service from Accra city centre"], "category": "cultural", "activities": [], "suitable_for": "", "created_at": "2026-03-29T22:09:09.063Z", "updated_at": "2026-03-29T22:09:09.063Z", "tourist_site": null}}, {"model": "tourism_events.event", "pk": 20, "fields": {"title": "Hogbetsotso Festival", "slug": "hogbetsotso-festival", "description": "The Hogbetsotso ('Festival of the Exodus') is the grandest festival of the Anlo Ewe people, celebrated on the first Saturday of November in Anloga, the traditional capital of the Anlo state. It commemorates the escape of the Ewe people from the tyrannical King Agorkorli of Notsie (in present-day Togo). Highlights include the spectacular Borborbor and Agbadza dances, a durbar of chiefs in full regalia, libation pouring to ancestors, and the dramatic re-enactment of the legendary exodus. It is one of Ghana's most visually stunning and culturally significant celebrations.", "location": "Anloga, Volta Region", "latitude": "5.793900", "longitude": "0.894000", "date": "2026-03-27T09:00:00Z", "is_featured": false, "highlights": ["Transport to Anloga from Accra or Ho", "Borborbor & Agbadza dance performances", "Durbar of chiefs in full regalia", "Traditional Ewe meal", "Cultural storytelling session", "Commemorative festival cloth"], "category": "cultural", "activities": [], "suitable_for": "", "created_at": "2026-03-29T22:09:09.726Z", "updated_at": "2026-03-29T22:09:09.726Z", "tourist_site": null}}, {"model": "tourism_events.event", "pk": 22, "fields": {"title": "Kundum Festival", "slug": "kundum-festival", "description": "The Kundum festival is celebrated by the Nzema and Ahanta people of the Western Region to mark the harvest season and to drive away evil spirits. Running for several weeks, it features elaborate masquerade dances, communal feasting, drumming, and purification rituals. The festival is one of the oldest harvest celebrations in Ghana and a spectacular display of Western Region culture and traditions.", "location": "Axim, Western Region", "latitude": "4.869500", "longitude": "-2.240000", "date": "2026-01-23T09:00:00Z", "is_featured": false, "highlights": ["Round-trip transport from Takoradi", "Masquerade dance viewing area", "Traditional Nzema feast", "Guided village heritage walk", "Purification ritual observation", "Handcrafted Nzema souvenir"], "category": "cultural", "activities": [], "suitable_for": "", "created_at": "2026-03-29T22:09:09.990Z", "updated_at": "2026-03-29T22:09:09.990Z", "tourist_site": null}}, {"model": "tourism_events.event", "pk": 23, "fields": {"title": "Kente Festival", "slug": "kente-festival", "description": "A vibrant celebration of Ghana's world-famous hand-woven Kente cloth in Bonwire, the ancestral home of Kente weaving. Watch master weavers at work, participate in weaving workshops, enjoy traditional Ashanti drumming and dancing, and take home an authentic piece of Ghanaian heritage. The festival draws weavers, designers, and textile enthusiasts from around the globe.", "location": "Bonwire, Ashanti Region", "latitude": "6.772500", "longitude": "-1.541000", "date": "2026-06-12T09:00:00Z", "is_featured": true, "highlights": ["Hands-on Kente weaving workshop", "Tour of master weavers' looms", "Traditional Ashanti drumming performance", "Authentic Kente strip to take home", "Guided tour of Bonwire village", "Local Ashanti lunch (fufu & light soup)"], "category": "cultural", "activities": [], "suitable_for": "", "created_at": "2026-03-29T22:09:10.156Z", "updated_at": "2026-03-29T22:09:10.156Z", "tourist_site": null}}, {"model": "tourism_events.event", "pk": 24, "fields": {"title": "Executive Leadership Summit — Cape Coast", "slug": "executive-leadership-summit-cape-coast", "description": "A two-day leadership summit for C-suite executives and senior managers. Held at the historic Cape Coast Castle precinct, combining strategic workshops with heritage tours. Includes keynote speakers, breakout sessions, and a sunset networking dinner overlooking the Atlantic.", "location": "Cape Coast Castle, Cape Coast", "latitude": "5.105500", "longitude": "-1.246600", "date": "2026-05-18T12:07:39.567Z", "is_featured": true, "highlights": ["Keynote sessions", "Strategy workshops", "Networking dinner", "Heritage tour"], "category": "corporate", "activities": ["Leadership talks", "Team strategy sessions", "Guided castle tour"], "suitable_for": "C-suite executives, senior managers, corporate groups", "created_at": "2026-04-03T12:07:39.580Z", "updated_at": "2026-04-03T12:07:39.580Z", "tourist_site": 9}}, {"model": "tourism_events.event", "pk": 25, "fields": {"title": "Corporate Team Retreat — Aburi Gardens", "slug": "corporate-team-retreat-aburi-gardens", "description": "Escape the city noise for a full-day corporate team-building retreat at the lush Aburi Botanical Gardens. Activities include facilitated team challenges, a guided botanical walk, and a farm-to-table lunch sourced from the Akuapem Ridge.", "location": "Aburi Botanical Gardens, Eastern Region", "latitude": "5.851200", "longitude": "-0.174100", "date": "2026-05-03T12:07:39.567Z", "is_featured": false, "highlights": ["Team-building challenges", "Botanical garden walk", "Farm-to-table lunch", "Photography session"], "category": "corporate", "activities": ["Trust exercises", "Scavenger hunt", "Botanical tour", "Group cooking"], "suitable_for": "Corporate teams, startups, departments", "created_at": "2026-04-03T12:07:39.750Z", "updated_at": "2026-04-03T12:07:39.750Z", "tourist_site": 29}}, {"model": "tourism_events.event", "pk": 26, "fields": {"title": "Family Fun Day — Labadi Beach", "slug": "family-fun-day-labadi-beach", "description": "A full day of sun, sand, and family bonding at Labadi Beach. Enjoy beach games, horseback riding along the shore, live highlife music, and a BBQ cookout as the sun sets over the Gulf of Guinea. Perfect for families with kids of all ages.", "location": "Labadi Beach, Accra", "latitude": "5.554000", "longitude": "-0.147300", "date": "2026-04-23T12:07:39.567Z", "is_featured": true, "highlights": ["Beach games", "Horseback riding", "BBQ cookout", "Live music"], "category": "family_friends", "activities": ["Beach volleyball", "Sandcastle building", "Horse riding", "Swimming"], "suitable_for": "Families, friend groups, children", "created_at": "2026-04-03T12:07:39.892Z", "updated_at": "2026-04-03T12:07:39.892Z", "tourist_site": 4}}, {"model": "tourism_events.event", "pk": 27, "fields": {"title": "Friends Reunion Picnic — Lake Bosomtwe", "slug": "friends-reunion-picnic-lake-bosomtwe", "description": "Reconnect with old friends at Ghana's only natural lake. Paddle canoes across the crater lake, share stories over a lakeside picnic, and take a gentle hike through the surrounding Ashanti forest. A laid-back day to strengthen bonds.", "location": "Lake Bosomtwe, Ashanti Region", "latitude": "6.503400", "longitude": "-1.414800", "date": "2026-05-28T12:07:39.567Z", "is_featured": false, "highlights": ["Canoeing", "Lakeside picnic", "Forest hike", "Photography"], "category": "family_friends", "activities": ["Canoeing", "Picnic", "Nature hike", "Bird watching"], "suitable_for": "Friend groups, reunions, couples", "created_at": "2026-04-03T12:07:40.032Z", "updated_at": "2026-04-03T12:07:40.032Z", "tourist_site": 16}}, {"model": "tourism_events.event", "pk": 28, "fields": {"title": "Wellness & Mindfulness Retreat — Wli Waterfalls", "slug": "wellness-mindfulness-retreat-wli-waterfalls", "description": "A three-day wellness retreat at the base of the tallest waterfall in West Africa. Start mornings with yoga by the falls, enjoy guided meditation in the forest, and restore your energy with organic meals prepared by local chefs. Limited to 20 guests for an intimate experience.", "location": "Wli Waterfalls, Volta Region", "latitude": "7.090700", "longitude": "0.585000", "date": "2026-05-13T12:07:39.567Z", "is_featured": true, "highlights": ["Morning yoga", "Guided meditation", "Organic meals", "Waterfall immersion", "Nature therapy"], "category": "retreat", "activities": ["Yoga sessions", "Meditation", "Waterfall hike", "Journaling workshops"], "suitable_for": "Individuals, couples, wellness enthusiasts", "created_at": "2026-04-03T12:07:40.180Z", "updated_at": "2026-04-03T12:07:40.180Z", "tourist_site": 18}}, {"model": "tourism_events.event", "pk": 29, "fields": {"title": "Creative Writers' Retreat — Kpando Torkor", "slug": "creative-writers-retreat-kpando-torkor", "description": "Find your creative voice on the banks of Lake Volta. This four-day retreat pairs daily writing workshops with canoe rides, village storytelling sessions, and quiet lakeside reflection time. End each evening with a bonfire reading circle.", "location": "Kpando Torkor, Volta Region", "latitude": "6.995000", "longitude": "0.291700", "date": "2026-06-17T12:07:39.567Z", "is_featured": false, "highlights": ["Writing workshops", "Canoe rides", "Storytelling sessions", "Bonfire readings"], "category": "retreat", "activities": ["Creative writing", "Canoeing", "Community storytelling", "Lake walks"], "suitable_for": "Writers, creatives, solo travellers", "created_at": "2026-04-03T12:07:40.346Z", "updated_at": "2026-04-03T12:07:40.346Z", "tourist_site": 20}}, {"model": "tourism_events.event", "pk": 30, "fields": {"title": "Canopy Walkway Adventure — Kakum", "slug": "canopy-walkway-adventure-kakum", "description": "Get your adrenaline pumping on the famous Kakum Canopy Walkway — 40 metres above the rainforest floor. This full-day adventure includes a guided forest trek, the canopy walk, bird-watching, and a packed bush lunch. Ideal for thrill-seekers and nature lovers.", "location": "Kakum National Park, Central Region", "latitude": "5.350000", "longitude": "-1.383300", "date": "2026-04-18T12:07:39.567Z", "is_featured": true, "highlights": ["Canopy walkway", "Rainforest trek", "Bird watching", "Bush lunch"], "category": "recreational", "activities": ["Canopy walk", "Hiking", "Bird watching", "Nature photography"], "suitable_for": "Adventure seekers, nature lovers, fitness enthusiasts", "created_at": "2026-04-03T12:07:40.534Z", "updated_at": "2026-04-03T12:07:40.534Z", "tourist_site": 1}}, {"model": "tourism_events.event", "pk": 31, "fields": {"title": "Mountain Hiking Challenge — Mount Afadjato", "slug": "mountain-hiking-challenge-mount-afadjato", "description": "Conquer the highest point in Ghana! This guided hike to the summit of Mount Afadjato (885 m) takes you through waterfalls, butterfly trails, and misty highland scenery. Celebrate at the top with a summit breakfast and panoramic views across the Volta Region.", "location": "Gbledi-Agumatsa, Volta Region", "latitude": "6.754400", "longitude": "0.563900", "date": "2026-06-02T12:07:39.567Z", "is_featured": false, "highlights": ["Summit hike", "Waterfall stops", "Summit breakfast", "Panoramic views"], "category": "recreational", "activities": ["Mountain hiking", "Waterfall swim", "Photography", "Trail running"], "suitable_for": "Hikers, fitness groups, adventure clubs", "created_at": "2026-04-03T12:07:40.677Z", "updated_at": "2026-04-03T12:07:40.677Z", "tourist_site": 21}}, {"model": "tourism_events.event", "pk": 32, "fields": {"title": "Surprise Anniversary Dinner — Aqua Safari", "slug": "surprise-anniversary-dinner-aqua-safari", "description": "A bespoke anniversary celebration on the Ada Estuary. Arrive by decorated boat, enjoy a private candlelit dinner on a sandbar island, serenaded by a live acoustic duo. Every detail — from the menu to the décor — is tailored to the couple's story.", "location": "Ada Foah, Greater Accra Region", "latitude": "5.783300", "longitude": "0.633300", "date": "2026-04-28T12:07:39.567Z", "is_featured": true, "highlights": ["Private boat transfer", "Sandbar dinner", "Live acoustic music", "Personalised décor"], "category": "custom", "activities": ["Boat cruise", "Private dining", "Live music", "Stargazing"], "suitable_for": "Couples, anniversary celebrations", "created_at": "2026-04-03T12:07:40.844Z", "updated_at": "2026-04-03T12:07:40.844Z", "tourist_site": 22}}, {"model": "tourism_events.event", "pk": 33, "fields": {"title": "Themed Birthday Safari — Mole National Park", "slug": "themed-birthday-safari-mole-national-park", "description": "Celebrate a milestone birthday in the wild! This two-day custom safari package at Mole National Park includes a jeep game drive, a walking safari with rangers, a bush-themed birthday dinner under the stars, and a sunrise elephant-watching experience.", "location": "Mole National Park, Savannah Region", "latitude": "9.260000", "longitude": "-1.850000", "date": "2026-07-02T12:07:39.567Z", "is_featured": false, "highlights": ["Jeep game drive", "Walking safari", "Bush birthday dinner", "Sunrise elephant watch"], "category": "custom", "activities": ["Game drive", "Walking safari", "Themed dinner", "Wildlife photography"], "suitable_for": "Birthday groups, families, adventure lovers", "created_at": "2026-04-03T12:07:41.000Z", "updated_at": "2026-04-03T12:07:41.000Z", "tourist_site": 23}}, {"model": "tourism_events.event", "pk": 34, "fields": {"title": "Romantic Sunset Cruise on the Volta", "slug": "romantic-sunset-cruise-on-the-volta", "description": "Set sail on the majestic Volta River as the sun paints the sky in shades of gold and amber. This intimate couples cruise features a private table for two, live acoustic music, a three-course Ghanaian-fusion dinner, and champagne. Float past lush riverbanks and fishing villages as you create unforgettable memories with your special someone. Perfect for anniversaries, proposals, or simply celebrating love.", "location": "Ada Foah, Greater Accra", "latitude": null, "longitude": null, "date": "2026-05-03T16:49:40.939Z", "is_featured": true, "highlights": ["Private table for two on the upper deck", "Three-course Ghanaian-fusion dinner", "Champagne & cocktails included", "Live acoustic music", "Professional couple photos", "Sunset river cruise (2.5 hours)", "Rose petals & candle arrangement"], "category": "couples", "activities": ["Sunset viewing", "Fine dining", "Live music", "Photography"], "suitable_for": "Couples, anniversaries, proposals", "created_at": "2026-04-03T16:49:40.950Z", "updated_at": "2026-04-03T16:49:40.950Z", "tourist_site": null}}, {"model": "tourism_events.event", "pk": 35, "fields": {"title": "Couples Spa & Cultural Retreat at Aburi Gardens", "slug": "couples-spa-cultural-retreat-at-aburi-gardens", "description": "Escape the city and reconnect with your partner at the serene Aburi Botanical Gardens. This full-day couples retreat begins with a guided garden walk through tropical plants and scenic hilltop views, followed by a traditional Ghanaian couples spa treatment using shea butter, black soap, and herbal infusions. Enjoy a private lunch in the gardens, a beadmaking workshop for two, and leave with handmade matching bracelets. A truly romantic and culturally enriching experience.", "location": "Aburi, Eastern Region", "latitude": null, "longitude": null, "date": "2026-05-18T16:49:41.099Z", "is_featured": true, "highlights": ["Guided botanical garden walk", "Traditional couples spa treatment", "Shea butter & herbal massage", "Private garden lunch for two", "Beadmaking workshop — make matching bracelets", "Professional couple photoshoot", "Scenic hilltop sunset views"], "category": "couples", "activities": ["Spa treatment", "Garden walk", "Beadmaking", "Photoshoot", "Fine dining"], "suitable_for": "Couples, date experiences, honeymoons", "created_at": "2026-04-03T16:49:41.101Z", "updated_at": "2026-04-03T16:49:41.101Z", "tourist_site": null}}, {"model": "tourism_events.eventmedia", "pk": 1, "fields": {"media_type": "image", "caption": "", "created_at": "2026-04-16T11:35:05.132Z", "event": 35, "file": "image/upload/v1776339304/tourism/events/jro7io3byi0wynjksbbz.jpg"}}, {"model": "tourism_events.touristsitemedia", "pk": 1, "fields": {"media_type": "image", "caption": "", "created_at": "2026-03-25T21:01:48.959Z", "tourist_site": 1, "file": "image/upload/v1774472508/tourism/tourist_sites/wyppuoschx77bddszk89.jpg"}}, {"model": "tourism_events.touristsitemedia", "pk": 2, "fields": {"media_type": "image", "caption": "wli", "created_at": "2026-03-26T01:30:40.521Z", "tourist_site": 3, "file": "image/upload/v1774488639/tourism/tourist_sites/vtubwgj6b5oc9qt72czr.jpg"}}, {"model": "tourism_events.touristsitemedia", "pk": 3, "fields": {"media_type": "image", "caption": "wli2", "created_at": "2026-03-26T01:31:07.843Z", "tourist_site": 3, "file": "image/upload/v1774488667/tourism/tourist_sites/ktrru2yx34bwb6kams7b.jpg"}}, {"model": "tourism_events.touristsitemedia", "pk": 4, "fields": {"media_type": "image", "caption": "Akosombo Dam", "created_at": "2026-03-29T21:01:33.978Z", "tourist_site": 31, "file": "image/upload/v1774818092/tourism/tourist_sites/hhggqehyv2lc9ymrswcc.jpg"}}, {"model": "tourism_events.touristsitemedia", "pk": 5, "fields": {"media_type": "image", "caption": "Akosombo Dam", "created_at": "2026-03-29T21:01:36.735Z", "tourist_site": 31, "file": "image/upload/v1774818096/tourism/tourist_sites/di653j9ivl9m951monvl.jpg"}}, {"model": "tourism_events.touristsitemedia", "pk": 6, "fields": {"media_type": "image", "caption": "Akosombo Dam", "created_at": "2026-03-29T21:01:39.493Z", "tourist_site": 31, "file": "image/upload/v1774818098/tourism/tourist_sites/kydlasdmb1c8m6dpiego.jpg"}}, {"model": "tourism_events.touristsitemedia", "pk": 7, "fields": {"media_type": "image", "caption": "Boti Falls", "created_at": "2026-03-29T21:32:21.818Z", "tourist_site": 30, "file": "image/upload/v1774819941/tourism/tourist_sites/vg3993kf7cxscluqqpfe.jpg"}}, {"model": "tourism_events.touristsitemedia", "pk": 8, "fields": {"media_type": "image", "caption": "Boti Falls", "created_at": "2026-03-29T21:32:23.978Z", "tourist_site": 30, "file": "image/upload/v1774819943/tourism/tourist_sites/btpg6ub5hifqtb7v92hc.jpg"}}, {"model": "tourism_events.touristsitemedia", "pk": 9, "fields": {"media_type": "image", "caption": "Boti Falls", "created_at": "2026-03-29T21:32:26.884Z", "tourist_site": 30, "file": "image/upload/v1774819946/tourism/tourist_sites/dutahz3pnchw0z9vj7mz.jpg"}}, {"model": "tourism_events.touristsitemedia", "pk": 10, "fields": {"media_type": "image", "caption": "", "created_at": "2026-03-29T21:33:09.327Z", "tourist_site": 29, "file": "image/upload/v1774819987/tourism/tourist_sites/cp2vpccdwff9kyaztdwl.jpg"}}, {"model": "tourism_events.touristsitemedia", "pk": 11, "fields": {"media_type": "image", "caption": "", "created_at": "2026-03-29T21:33:13.472Z", "tourist_site": 29, "file": "image/upload/v1774819992/tourism/tourist_sites/kkpvx78ml9apc63zmljl.jpg"}}, {"model": "tourism_events.touristsitemedia", "pk": 12, "fields": {"media_type": "image", "caption": "", "created_at": "2026-03-29T21:33:23.879Z", "tourist_site": 29, "file": "image/upload/v1774820000/tourism/tourist_sites/cvgzjjuhq9jurymp2kiz.jpg"}}, {"model": "tourism_events.touristsitemedia", "pk": 13, "fields": {"media_type": "image", "caption": "", "created_at": "2026-03-29T21:38:55.117Z", "tourist_site": 21, "file": "image/upload/v1774820334/tourism/tourist_sites/lptahvlvo5mhzzn1fsfy.jpg"}}, {"model": "tourism_events.touristsitemedia", "pk": 14, "fields": {"media_type": "image", "caption": "", "created_at": "2026-03-29T21:38:57.400Z", "tourist_site": 21, "file": "image/upload/v1774820336/tourism/tourist_sites/ympcildzfp5eyiaonve6.jpg"}}, {"model": "tourism_events.touristsitemedia", "pk": 15, "fields": {"media_type": "image", "caption": "", "created_at": "2026-03-29T21:39:02.546Z", "tourist_site": 21, "file": "image/upload/v1774820340/tourism/tourist_sites/k4jm1jmgsv67rpfjsgjh.jpg"}}, {"model": "tourism_events.touristsitemedia", "pk": 16, "fields": {"media_type": "image", "caption": "", "created_at": "2026-03-29T21:39:07.875Z", "tourist_site": 21, "file": "image/upload/v1774820345/tourism/tourist_sites/ipdul9wzvuitfp8byykk.jpg"}}, {"model": "tourism_events.tour", "pk": 1, "fields": {"title": "Cape Coast & Elmina Heritage Trail", "slug": "cape-coast-elmina-heritage-trail", "description": "Embark on a powerful two-day journey through Ghana's most significant historical landmarks along the Cape Coast. Visit the haunting Cape Coast Castle — a UNESCO World Heritage Site — and walk through the 'Door of No Return' where millions of enslaved Africans were shipped across the Atlantic. Continue to the Elmina Castle, the oldest European building in sub-Saharan Africa, and explore the vibrant Elmina fishing harbour. The tour also includes a serene canopy walk at Kakum National Park, rising 30 metres above the rainforest floor, and a visit to the Hans Cottage Botel — a unique lakeside lodge surrounded by crocodiles. End each day with authentic Fante cuisine and storytelling by local guides.", "location": "Cape Coast, Central Region", "duration": "2 days / 1 night", "highlights": ["Guided tour of Cape Coast Castle (UNESCO World Heritage Site)", "Visit the 'Door of No Return'", "Elmina Castle & fishing harbour walk", "Kakum National Park canopy walkway", "Hans Cottage Botel crocodile sanctuary", "Traditional Fante dinner with storytelling"], "inclusions": ["Air-conditioned transport from Accra", "Professional English-speaking guide", "1 night hotel accommodation (3-star)", "Breakfast & dinner", "All entrance / admission fees", "Bottled water throughout"], "exclusions": ["Lunch on Day 1", "Personal souvenirs & shopping", "Travel insurance", "Tips / gratuities"], "itinerary": ["[object Object]", "[object Object]"], "max_group_size": 15, "is_active": true, "is_featured": true, "created_at": "2026-04-01T18:43:40.642Z", "updated_at": "2026-04-16T12:39:12.297Z"}}, {"model": "tourism_events.tour", "pk": 2, "fields": {"title": "Accra City & Culture Experience", "slug": "accra-city-culture-experience", "description": "Discover the vibrant soul of Ghana's capital in this immersive full-day tour through Accra's most iconic neighbourhoods and cultural landmarks. Start at the W.E.B. Du Bois Memorial Centre and Kwame Nkrumah Memorial Park — resting place of Ghana's founding father. Dive into the buzzing Makola Market, one of West Africa's largest open-air markets, then head to the creative district of Osu for art galleries, street food, and boutique shopping. The afternoon takes you to the Jamestown lighthouse and the historic fishing community of Ga Mashie, where you'll witness traditional boxing culture and taste fresh kenkey by the shore. The tour wraps up with a sunset dinner at a rooftop restaurant overlooking the city skyline.", "location": "Accra, Greater Accra Region", "duration": "Full day (8 hours)", "highlights": ["Kwame Nkrumah Memorial Park & Mausoleum", "W.E.B. Du Bois Memorial Centre", "Makola Market guided walkthrough", "Osu art galleries & street food", "Jamestown lighthouse & Ga Mashie fishing village", "Rooftop sunset dinner with city views"], "inclusions": ["Hotel pick-up & drop-off within Accra", "Air-conditioned minivan", "Professional English-speaking guide", "Street food tasting (kelewele, waakye, kenkey)", "Rooftop dinner (set menu)", "All entrance / admission fees", "Bottled water throughout"], "exclusions": ["Alcoholic beverages", "Personal shopping", "Travel insurance", "Tips / gratuities"], "itinerary": [{"day": 1, "title": "Full-Day Accra Immersion", "description": "8:00 AM — Hotel pick-up. Visit Kwame Nkrumah Memorial Park and the W.E.B. Du Bois Centre. 10:30 AM — Guided walk through Makola Market. 12:30 PM — Street food tasting in Osu, followed by art gallery visits. 2:30 PM — Drive to Jamestown, climb the lighthouse for panoramic views, and explore Ga Mashie. 5:00 PM — Rooftop dinner with sunset views. 7:00 PM — Drop-off at hotel."}], "max_group_size": 20, "is_active": true, "is_featured": true, "created_at": "2026-04-01T18:43:40.774Z", "updated_at": "2026-04-14T00:07:46.990Z"}}, {"model": "tourism_events.tourmedia", "pk": 1, "fields": {"media_type": "image", "caption": "", "created_at": "2026-04-14T00:07:59.830Z", "tour": 2, "file": "image/upload/v1776125278/tourism/tours/qaexcxhghbnwlpm3ypii.jpg"}}, {"model": "tourism_events.tourmedia", "pk": 2, "fields": {"media_type": "image", "caption": "", "created_at": "2026-04-16T12:40:31.380Z", "tour": 1, "file": "image/upload/v1776343230/tourism/tours/eorcb3yxbyj75alnepva.jpg"}}, {"model": "tourism_events.tourmedia", "pk": 3, "fields": {"media_type": "image", "caption": "", "created_at": "2026-04-16T12:40:59.267Z", "tour": 1, "file": "image/upload/v1776343258/tourism/tours/ejtap9n9rzcy0sqenm0g.jpg"}}, {"model": "tourism_events.tourmedia", "pk": 4, "fields": {"media_type": "image", "caption": "", "created_at": "2026-04-16T12:41:00.241Z", "tour": 1, "file": "image/upload/v1776343259/tourism/tours/g03cutdxcey1dywa135y.jpg"}}, {"model": "tourism_events.triprequest", "pk": 3, "fields": {"tour": 2, "customer_name": "Rockson Owusu", "customer_email": "djangorockson@gmail.com", "customer_phone": "+233209438195", "number_of_adults": 5, "number_of_children": 0, "number_of_infants": 0, "preferred_date": "2026-04-08", "special_requests": "", "status": "new", "created_at": "2026-04-01T19:26:14.718Z"}}, {"model": "tourism_events.triprequest", "pk": 7, "fields": {"tour": 1, "customer_name": "Harry Asare Gyamfi", "customer_email": "harryasaregyamfi@gmail.com", "customer_phone": "+233209438195", "number_of_adults": 2, "number_of_children": 1, "number_of_infants": 0, "preferred_date": "2026-04-03", "special_requests": "", "status": "new", "created_at": "2026-04-01T22:05:50.614Z"}}, {"model": "tourism_events.triprequest", "pk": 10, "fields": {"tour": 2, "customer_name": "Princess Owusu", "customer_email": "djangorockson@gmail.com", "customer_phone": "+233209438195", "number_of_adults": 3, "number_of_children": 0, "number_of_infants": 0, "preferred_date": "2026-04-03", "special_requests": "", "status": "new", "created_at": "2026-04-02T09:27:14.440Z"}}, {"model": "tourism_events.triprequest", "pk": 11, "fields": {"tour": 2, "customer_name": "Rockson", "customer_email": "djangorockson@gmail.com", "customer_phone": "+233209438195", "number_of_adults": 1, "number_of_children": 0, "number_of_infants": 0, "preferred_date": "2026-04-09", "special_requests": "", "status": "new", "created_at": "2026-04-02T12:04:24.570Z"}}, {"model": "tourism_events.triprequest", "pk": 12, "fields": {"tour": 2, "customer_name": "Patience Princess", "customer_email": "djangorockson@gmail.com", "customer_phone": "+233557533568", "number_of_adults": 4, "number_of_children": 0, "number_of_infants": 0, "preferred_date": "2026-04-03", "special_requests": "", "status": "new", "created_at": "2026-04-02T13:17:47.642Z"}}, {"model": "tourism_events.triprequest", "pk": 13, "fields": {"tour": 2, "customer_name": "Hello", "customer_email": "djangorockson@gmail.com", "customer_phone": "+233209438195", "number_of_adults": 3, "number_of_children": 0, "number_of_infants": 0, "preferred_date": "2026-04-10", "special_requests": "", "status": "new", "created_at": "2026-04-03T23:14:35.421Z"}}, {"model": "tourism_events.triprequest", "pk": 14, "fields": {"tour": 2, "customer_name": "Hello", "customer_email": "djangorockson@gmail.com", "customer_phone": "+233209438195", "number_of_adults": 3, "number_of_children": 0, "number_of_infants": 0, "preferred_date": "2026-04-01", "special_requests": "", "status": "new", "created_at": "2026-04-03T23:15:41.112Z"}}, {"model": "tourism_events.customtourrequest", "pk": 1, "fields": {"packages": ["transport", "accommodation", "guided_tour", "photography"], "number_of_adults": 3, "number_of_children": 6, "number_of_infants": 3, "preferred_start_date": "2026-04-09", "preferred_end_date": "2026-04-10", "flexibility": "flexible_week", "customer_name": "Rockson Kwesi Owusu", "customer_email": "djangorockson@gmail.com", "customer_phone": "+233209438195", "country": "Ghana", "special_requests": "", "status": "new", "created_at": "2026-04-01T23:00:36.208Z", "sites": [31, 30]}}, {"model": "tourism_events.customtourrequest", "pk": 2, "fields": {"packages": ["accommodation", "cultural", "airport_pickup"], "number_of_adults": 2, "number_of_children": 1, "number_of_infants": 0, "preferred_start_date": "2026-04-06", "preferred_end_date": "2026-04-06", "flexibility": "flexible_1_2_days", "customer_name": "Jamin Opoku", "customer_email": "jaminkwami@gmail.com", "customer_phone": "+233209438195", "country": "Ghana", "special_requests": "", "status": "contacted", "created_at": "2026-04-06T20:42:55.797Z", "sites": [34, 31, 29]}}, {"model": "tourism_events.eventrequest", "pk": 1, "fields": {"event_type": "corporate", "customer_name": "Anthony Yao Owusu", "customer_email": "djangorockson@gmail.com", "customer_phone": "+233557533568", "preferred_date": "2026-04-08", "expected_attendees": 10, "location_preference": "Anywhere", "budget_range": "10,000", "activities_interested_in": ["Drumming & Dancing", "Cultural Tour", "Photography / Videography", "Live Music / DJ", "Guided Nature Walk", "Beach Activities", "Bonfire & Storytelling"], "special_requirements": "", "status": "new", "created_at": "2026-04-03T08:10:27.127Z"}}, {"model": "tourism_events.eventrequest", "pk": 2, "fields": {"event_type": "family", "customer_name": "Deh Fidelia", "customer_email": "djangorockson@gmail.com", "customer_phone": "+233557533568", "preferred_date": "2026-04-09", "expected_attendees": 20, "location_preference": "Anywhere", "budget_range": "5,000", "activities_interested_in": ["Drumming & Dancing", "Art & Craft Workshop", "Wellness / Yoga", "Water Sports", "Guided Nature Walk"], "special_requirements": "", "status": "contacted", "created_at": "2026-04-03T08:25:05.405Z"}}, {"model": "tourism_events.eventbooking", "pk": 1, "fields": {"event": 30, "customer_name": "Martin Bold", "customer_email": "djangorockson@gmail.com", "customer_phone": "+233209438195", "number_of_guests": 3, "special_requests": "", "status": "new", "created_at": "2026-04-03T12:24:18.522Z"}}, {"model": "tourism_events.apartment", "pk": 1, "fields": {"title": "Luxury Penthouse at Cantonments", "slug": "luxury-penthouse-at-cantonments", "description": "A stunning 3-bedroom penthouse with panoramic views of Accra. Features modern furnishings, a fully equipped kitchen, spacious living area with floor-to-ceiling windows, and a private terrace perfect for evening sunsets. Located in the heart of Cantonments, minutes from embassies, restaurants, and shopping.", "location": "Cantonments, Accra", "address": "12 Cantonments Road, Cantonments, Accra", "latitude": null, "longitude": null, "property_type": "apartment", "bedrooms": 3, "bathrooms": 2, "max_guests": 6, "price_per_night": "850.00", "amenities": ["WiFi", "Air Conditioning", "Swimming Pool", "Parking", "Security", "Generator Backup", "Smart TV", "Fully Equipped Kitchen"], "rules": ["No smoking indoors", "No pets", "Quiet hours after 10 PM", "Maximum 6 guests"], "is_available": true, "is_featured": true, "created_at": "2026-04-03T16:08:29.616Z", "updated_at": "2026-04-03T16:08:29.617Z"}}, {"model": "tourism_events.apartment", "pk": 2, "fields": {"title": "Cozy Beach Villa in Ada Foah", "slug": "cozy-beach-villa-in-ada-foah", "description": "A charming 2-bedroom beach villa right on the shores of the Volta River estuary. Wake up to the sound of waves and enjoy direct beach access. The villa features a rustic-modern design with a private outdoor deck, barbecue area, and hammocks under the palms. Ideal for weekend getaways and small group retreats.", "location": "Ada Foah, Greater Accra", "address": "Manet Beach Road, Ada Foah", "latitude": null, "longitude": null, "property_type": "villa", "bedrooms": 2, "bathrooms": 1, "max_guests": 4, "price_per_night": "500.00", "amenities": ["WiFi", "Beach Access", "Outdoor Deck", "BBQ Area", "Hammocks", "Security", "Fan and AC"], "rules": ["No loud music after 9 PM", "No glass on the beach", "Check-out by 11 AM"], "is_available": true, "is_featured": true, "created_at": "2026-04-03T16:08:29.833Z", "updated_at": "2026-04-03T16:08:29.833Z"}}, {"model": "tourism_events.vehicle", "pk": 1, "fields": {"name": "Toyota Land Cruiser V8 2023", "slug": "toyota-land-cruiser-v8-2023", "description": "A powerful and luxurious Toyota Land Cruiser V8, perfect for long-distance travel, group tours, and off-road adventures across Ghana. Features premium leather interior, advanced climate control, and excellent ground clearance for any terrain. Comes with or without an experienced driver.", "vehicle_type": "suv", "brand": "Toyota", "model_year": 2023, "seats": 7, "transmission": "automatic", "fuel_type": "diesel", "price_per_day": "600.00", "features": ["Air Conditioning", "Leather Seats", "Bluetooth Audio", "GPS Navigation", "USB Charging", "4WD", "Dashcam", "First Aid Kit"], "is_available": true, "is_featured": true, "created_at": "2026-04-03T16:08:29.981Z", "updated_at": "2026-04-03T16:08:29.982Z"}}, {"model": "tourism_events.vehicle", "pk": 2, "fields": {"name": "Mercedes-Benz Sprinter 15-Seater", "slug": "mercedes-benz-sprinter-15-seater", "description": "A spacious and comfortable Mercedes-Benz Sprinter van, ideal for group tours, corporate shuttles, airport transfers, and family excursions. Features reclining seats, ample luggage space, and a professional driver option. Air-conditioned throughout for maximum comfort on long drives.", "vehicle_type": "van", "brand": "Mercedes-Benz", "model_year": 2022, "seats": 15, "transmission": "automatic", "fuel_type": "diesel", "price_per_day": "900.00", "features": ["Air Conditioning", "Reclining Seats", "Large Luggage Compartment", "PA System", "USB Charging", "Dashcam", "First Aid Kit", "Professional Driver Available"], "is_available": true, "is_featured": true, "created_at": "2026-04-03T16:08:30.118Z", "updated_at": "2026-04-03T16:08:30.118Z"}}, {"model": "tourism_events.communityproject", "pk": 1, "fields": {"title": "Clean Water for Tamale", "slug": "clean-water-for-tamale", "description": "We partnered with local NGOs to install 5 borehole water systems in underserved communities around Tamale, providing clean drinking water to over 2,000 residents. The project included training local technicians for ongoing maintenance.", "location": "Tamale, Northern Region", "date": "2024-06-15", "impact_summary": "5 boreholes installed, providing clean water to 2,000+ residents across 3 villages.", "beneficiaries_count": 2000, "is_featured": true, "created_at": "2026-04-03T20:56:34.081Z", "updated_at": "2026-04-03T20:56:34.081Z"}}, {"model": "tourism_events.communityproject", "pk": 2, "fields": {"title": "School Supplies for Cape Coast", "slug": "school-supplies-for-cape-coast", "description": "Our annual Back-to-School drive collected and distributed school supplies, uniforms, and books to 500 children in Cape Coast. Partnered with 3 local schools to identify students most in need.", "location": "Cape Coast, Central Region", "date": "2024-09-01", "impact_summary": "500 students received school supplies and uniforms for the new academic year.", "beneficiaries_count": 500, "is_featured": true, "created_at": "2026-04-03T20:56:34.208Z", "updated_at": "2026-04-03T20:56:34.208Z"}}, {"model": "tourism_events.communityproject", "pk": 3, "fields": {"title": "Beach Cleanup at Kokrobite", "slug": "beach-cleanup-at-kokrobite", "description": "Organized a massive community beach cleanup event at Kokrobite Beach, bringing together 150 volunteers to remove over 2 tonnes of plastic waste. The initiative also included workshops on sustainable fishing practices.", "location": "Kokrobite, Greater Accra", "date": "2024-11-20", "impact_summary": "2+ tonnes of waste removed, 150 volunteers engaged in environmental education.", "beneficiaries_count": 150, "is_featured": true, "created_at": "2026-04-03T20:56:34.348Z", "updated_at": "2026-04-03T20:56:34.348Z"}}, {"model": "tourism_events.communityprojectmedia", "pk": 1, "fields": {"media_type": "image", "caption": "", "created_at": "2026-04-16T12:06:54.287Z", "community_project": 3, "file": "image/upload/v1776341213/tourism/community_projects/quhz7dcfrgv6qqgxmowu.jpg"}}, {"model": "tourism_events.review", "pk": 1, "fields": {"reviewer_name": "Akua Mensah", "reviewer_email": "akua@example.com", "reviewer_photo": null, "rating": 5, "title": "Unforgettable Experience!", "comment": "The Cape Coast tour was absolutely amazing. Our guide was knowledgeable and passionate. The entire trip was well-organized and exceeded our expectations. Highly recommend!", "service_type": "tour", "is_approved": true, "is_featured": true, "created_at": "2026-04-03T20:56:34.480Z"}}, {"model": "tourism_events.review", "pk": 2, "fields": {"reviewer_name": "David Thompson", "reviewer_email": "david@example.com", "reviewer_photo": null, "rating": 5, "title": "Perfect Family Holiday", "comment": "We booked accommodations through this platform and everything was seamless. The apartment was clean, modern, and in a great location. Will definitely book again!", "service_type": "accommodation", "is_approved": true, "is_featured": true, "created_at": "2026-04-03T20:56:34.619Z"}}, {"model": "tourism_events.review", "pk": 3, "fields": {"reviewer_name": "Fatima Ibrahim", "reviewer_email": "fatima@example.com", "reviewer_photo": null, "rating": 4, "title": "Great Cultural Event", "comment": "Attended a cultural festival organized through this platform. The performances were beautiful and the food was delicious. Only minor issue was parking, but overall a wonderful experience.", "service_type": "event", "is_approved": true, "is_featured": true, "created_at": "2026-04-03T20:56:34.760Z"}}, {"model": "tourism_events.review", "pk": 4, "fields": {"reviewer_name": "James Owusu", "reviewer_email": "james@example.com", "reviewer_photo": null, "rating": 5, "title": "Reliable Car Rental", "comment": "Rented an SUV for a week-long trip through the Volta Region. The vehicle was in excellent condition and pickup/return was hassle-free. Great value for money.", "service_type": "car_rental", "is_approved": true, "is_featured": false, "created_at": "2026-04-03T20:56:34.900Z"}}, {"model": "tourism_events.review", "pk": 5, "fields": {"reviewer_name": "Sarah Chen", "reviewer_email": "sarah@example.com", "reviewer_photo": null, "rating": 5, "title": "A Hidden Gem of a Platform", "comment": "Found this platform while planning a trip to Ghana and it made everything so easy. From booking tours to finding events, its a one-stop shop for exploring Ghana.", "service_type": "general", "is_approved": true, "is_featured": false, "created_at": "2026-04-03T20:56:35.041Z"}}, {"model": "tourism_events.review", "pk": 6, "fields": {"reviewer_name": "Rockson", "reviewer_email": "djangorockson@gmail.com", "reviewer_photo": null, "rating": 5, "title": "Nice Company", "comment": "Took me on an exciting tour and it was very fine", "service_type": "general", "is_approved": true, "is_featured": true, "created_at": "2026-04-03T21:16:05.540Z"}}, {"model": "tourism_events.sitesettings", "pk": 1, "fields": {"company_name": "1957 The Ghana Experience LBG", "phone": "+233 557 533 568", "email": "Theghanae@gmail.com", "address": "Accra, Ghana", "about_text": "At 1957 The Ghana Experience LBG, our mission is to deliver authentic and unforgettable travel experiences that showcase the rich culture, heritage, and natural beauty of Ghana.", "whatsapp_number": "233557533568", "facebook_url": "https://web.facebook.com/Theghanaexperience?mibextid=LQQJ4d&_rdc=1&_rdr", "instagram_url": "https://www.instagram.com/theghanaexperience_?igshid=YWJhMjlhZTc%3D", "twitter_url": "https://x.com/theghanae", "tiktok_url": "https://tiktok.com/@theghanaexperience", "youtube_url": "https://www.youtube.com/@1957TheGhanaExperience", "linkedin_url": "", "updated_at": "2026-04-03T22:38:16.188Z"}}, {"model": "tourism_events.herobackground", "pk": 1, "fields": {"title": "Hero Backgrounds", "image": "image/upload/v1776177334/tourism/hero-backgrounds/tvsxrnip1xy5fu7kdjhg.jpg", "order": 0, "is_active": true, "created_at": "2026-04-14T14:35:35.163Z", "updated_at": "2026-04-14T15:55:25.991Z"}}, {"model": "tourism_events.herobackground", "pk": 2, "fields": {"title": "Hero Backgrounds", "image": "image/upload/v1776177348/tourism/hero-backgrounds/xbsuarthunxyvvedraro.jpg", "order": 0, "is_active": true, "created_at": "2026-04-14T14:35:49.795Z", "updated_at": "2026-04-14T15:55:31.916Z"}}, {"model": "tourism_events.herobackground", "pk": 3, "fields": {"title": "Hero Backgrounds", "image": "image/upload/v1776177360/tourism/hero-backgrounds/lyfvxy4gzf1txgjscltu.jpg", "order": 0, "is_active": true, "created_at": "2026-04-14T14:36:01.447Z", "updated_at": "2026-04-14T15:55:32.153Z"}}, {"model": "tourism_events.herobackground", "pk": 4, "fields": {"title": "Hero Backgrounds", "image": "image/upload/v1776177367/tourism/hero-backgrounds/wdbgfw4cdagn89ievsag.jpg", "order": 0, "is_active": false, "created_at": "2026-04-14T14:36:08.536Z", "updated_at": "2026-04-14T15:35:57.263Z"}}, {"model": "tourism_events.herobackground", "pk": 5, "fields": {"title": "Hero Backgrounds", "image": "image/upload/v1776177375/tourism/hero-backgrounds/x2q0psbbx7pdxyrod03w.jpg", "order": 0, "is_active": true, "created_at": "2026-04-14T14:36:16.957Z", "updated_at": "2026-04-14T15:55:30.344Z"}}, {"model": "tourism_events.heromosaic", "pk": 1, "fields": {"position": "cell1", "image": "image/upload/v1776178607/tourism/hero-mosaic/keoyn2fzxhqnwepn0nuu.jpg", "alt_text": "Mosaic Images", "is_active": false, "created_at": "2026-04-14T14:56:48.396Z", "updated_at": "2026-04-14T15:41:25.906Z"}}, {"model": "tourism_events.heromosaic", "pk": 2, "fields": {"position": "cell2", "image": "image/upload/v1776178835/tourism/hero-mosaic/nll3jh2yo5eykuze8jgw.jpg", "alt_text": "mosaic2", "is_active": false, "created_at": "2026-04-14T15:00:36.446Z", "updated_at": "2026-04-14T15:46:10.721Z"}}, {"model": "tourism_events.heromosaic", "pk": 3, "fields": {"position": "cell3", "image": "image/upload/v1776178935/tourism/hero-mosaic/pm5dwgdetjez7nzlofun.jpg", "alt_text": "Mosaic3", "is_active": false, "created_at": "2026-04-14T15:02:16.551Z", "updated_at": "2026-04-14T15:36:42.993Z"}}, {"model": "tourism_events.eventssectionbackground", "pk": 1, "fields": {"title": "EventsImages", "image": "image/upload/v1776179158/tourism/events-section-bg/m27nvnpaox5m9hygl74w.jpg", "order": 0, "is_active": true, "created_at": "2026-04-14T15:05:58.887Z", "updated_at": "2026-04-14T15:05:58.887Z"}}, {"model": "tourism_events.eventssectionbackground", "pk": 2, "fields": {"title": "EventsImages", "image": "image/upload/v1776179165/tourism/events-section-bg/nrtptmcetfg6n9mak48t.jpg", "order": 0, "is_active": true, "created_at": "2026-04-14T15:06:09.893Z", "updated_at": "2026-04-14T15:06:09.893Z"}}, {"model": "tourism_events.eventssectionbackground", "pk": 3, "fields": {"title": "EventsImages", "image": "image/upload/v1776179174/tourism/events-section-bg/mfj1wgskbuyjzvslp1jm.jpg", "order": 0, "is_active": true, "created_at": "2026-04-14T15:06:15.783Z", "updated_at": "2026-04-14T15:58:59.295Z"}}, {"model": "tourism_events.notification", "pk": 1, "fields": {"notification_type": "trip_request", "title": "New trip request from Hello", "message": "Requested Accra City & Culture Experience", "link": "/admin/tours", "is_read": true, "created_at": "2026-04-03T23:20:30.428Z"}}, {"model": "tourism_events.notification", "pk": 2, "fields": {"notification_type": "custom_tour_request", "title": "Custom tour request from Jamin Opoku", "message": "3 travellers", "link": "/admin/tours", "is_read": true, "created_at": "2026-04-06T20:42:55.814Z"}}]
